State,County,ZIP Code,Average of Latitude,Average of Longitude,EVs on the Road,EVs per 1k People,EVs per Level 2 Port,ZIP - Current Population,
Virginia,Fairfax County,20120,38.84,-77.44,"27,283",629.87,,"43,315",
Virginia,Loudoun County,20180,39.27,-77.63,"14,163",1870.69,"2,360.50","7,571",
Virginia,Prince William County,20111,38.75,-77.43,"6,561",175.14,,"37,461",
Virginia,Arlington County,22201,38.89,-77.1,"5,078",133.60,70.53,"38,010",
Virginia,Henrico County,23059,37.7,-77.57,"3,918",95.54,391.80,"41,009",
Virginia,Virginia Beach city,23450,36.73,-76.04,"3,332",0.00,,,
Virginia,Alexandria city,22301,38.82,-77.06,"3,271",236.91,327.10,"13,807",
Virginia,Chesterfield County,23112,37.43,-77.66,"3,137",55.59,,"56,428",
Virginia,Albemarle County,22901,38.09,-78.56,"2,115",59.39,176.25,"35,610",
Virginia,Stafford County,22405,38.31,-77.4,"1,918",53.58,959.00,"35,795",
Virginia,Richmond city,23173,37.58,-77.54,"1,688",766.92,168.80,"2,201",
Virginia,Chesapeake city,23320,36.75,-76.22,"1,614",26.03,59.78,"62,000",
Virginia,Fairfax city,22034,38.85,-77.29,"1,246",0.00,,,
Virginia,Spotsylvania County,22407,38.28,-77.58,"1,236",19.84,309.00,"62,301",
Virginia,Norfolk city,23501,36.84,-76.28,"1,168",0.00,,,
Virginia,Newport News city,23601,37.04,-76.48,983,37.11,196.60,"26,488",
Virginia,James City County,23081,37.22,-76.76,962,0.00,,0,
Virginia,Fauquier County,22712,38.57,-77.76,889,92.26,,"9,636",
Virginia,Hanover County,23005,37.76,-77.47,879,45.68,30.31,"19,244",
Virginia,Charlottesville city,22902,38.03,-78.48,738,30.43,46.13,"24,256",
Virginia,Falls Church city,22040,38.88,-77.17,700,0.00,,,
Virginia,Frederick County,22655,39.09,-78.22,672,30.32,336.00,"22,161",
Virginia,York County,23665,37.08,-76.37,660,107.00,,"6,168",
Virginia,Montgomery County,24060,37.23,-80.42,632,13.05,11.29,"48,423",
Virginia,Suffolk city,23432,36.88,-76.55,610,497.96,,"1,225",
Virginia,Roanoke County,24019,37.35,-79.95,534,18.94,44.50,"28,194",
Virginia,Hampton city,23630,37.04,-76.29,520,0.00,,,
Virginia,Rockingham County,22815,38.6,-78.79,429,47.91,,"8,954",
Virginia,Roanoke city,24012,37.31,-79.9,395,13.37,39.50,"29,545",
Virginia,Bedford County,24174,37.35,-79.63,393,152.27,,"2,581",
Virginia,Goochland County,23038,37.75,-78.16,350,229.66,,"1,524",
Virginia,Augusta County,22843,38.36,-79.16,320,121.40,,"2,636",
Virginia,Culpeper County,22701,38.47,-78,297,8.31,74.25,"35,749",
Virginia,Manassas city,20110,38.74,-77.48,296,5.97,13.45,"49,620",
Virginia,Fredericksburg city,22401,38.29,-77.48,295,10.45,18.44,"28,218",
Virginia,Louisa County,22942,38.13,-78.18,276,26.32,,"10,485",
Virginia,Lynchburg city,24503,37.45,-79.25,276,13.79,,"20,017",
Virginia,Isle of Wight County,23304,37,-76.57,259,0.00,,0,
Virginia,King George County,22448,38.34,-77.03,242,334.72,,723,
Virginia,Warren County,22642,38.9,-78.07,225,53.34,225.00,"4,218",
Virginia,Harrisonburg city,22801,38.43,-78.87,205,5.24,10.79,"39,154",
Virginia,Portsmouth city,23701,36.81,-76.37,204,8.21,25.50,"24,850",
Virginia,Clarke County,20130,39,-77.95,201,785.16,,256,
Virginia,Franklin County,24088,36.92,-80.02,193,38.73,,"4,983",
Virginia,Orange County,22508,38.33,-77.79,193,12.55,,"15,384",
Virginia,Washington County,24202,36.66,-82.21,189,15.33,,"12,325",
Virginia,New Kent County,23011,37.45,-76.84,184,124.92,,"1,473",
Virginia,Fluvanna County,22963,37.86,-78.26,180,10.63,90.00,"16,935",
Virginia,Powhatan County,23014,37.76,-78.02,179,0.00,,,
Virginia,Shenandoah County,22644,38.98,-78.51,171,66.93,,"2,555",
Virginia,Warren County,22630,38.92,-78.18,168,4.81,12.00,"34,942",
Virginia,Winchester city,22601,39.17,-78.17,166,5.66,12.77,"29,306",
Virginia,Gloucester County,23061,37.43,-76.54,147,6.35,,"23,150",
Virginia,Staunton city,24401,38.15,-79.06,141,3.77,6.41,"37,375",
Virginia,Botetourt County,24085,37.63,-79.8,137,59.36,,"2,308",
Virginia,Williamsburg city,23186,37.27,-76.7,135,0.00,,,
Virginia,Campbell County,24517,37.12,-79.28,133,27.70,33.25,"4,802",
Virginia,Caroline County,22427,38.04,-77.35,126,28.87,,"4,364",
Virginia,Nelson County,22922,37.68,-78.9,126,53.85,,"2,340",
Virginia,Greene County,22968,38.23,-78.37,107,9.80,,"10,919",
Virginia,Salem city,24153,37.28,-80.05,106,2.76,21.20,"38,386",
Virginia,Prince George County,23801,37.23,-77.33,100,13.20,,"7,577",
Virginia,Lancaster County,22480,37.66,-76.42,97,107.66,32.33,901,
Virginia,Waynesboro city,22980,38.06,-78.9,96,2.99,10.67,"32,133",
Virginia,Rockbridge County,24450,37.78,-79.44,92,5.34,6.13,"17,214",
Virginia,Rappahannock County,22640,38.8,-78.14,87,195.07,,446,
Virginia,Pulaski County,24058,37.19,-80.61,86,286.67,,300,
Virginia,Accomack County,23301,37.71,-75.66,84,40.42,16.80,"2,078",
Virginia,Poquoson city,23662,37.12,-76.34,83,6.65,,"12,479",
Virginia,Danville city,24540,36.63,-79.43,82,2.61,16.40,"31,405",
Virginia,Henry County,24089,36.7,-79.94,79,32.47,,"2,433",
Virginia,Northumberland County,22432,37.88,-76.34,75,474.68,,158,
Virginia,Westmoreland County,22443,38.25,-76.97,73,7.09,24.33,"10,297",
Virginia,Amherst County,24572,37.43,-79.1,72,4.63,,"15,557",
Virginia,Floyd County,24091,36.91,-80.31,63,8.41,7.88,"7,491",
Virginia,Halifax County,24520,36.56,-79,62,26.01,31.00,"2,384",
Virginia,Mecklenburg County,23924,36.79,-78.46,62,10.69,,"5,799",
Virginia,Carroll County,24317,36.58,-80.66,58,14.87,,"3,900",
Virginia,Page County,22835,38.66,-78.45,57,4.92,5.70,"11,596",
Virginia,Colonial Heights city,23834,37.26,-77.39,55,1.99,18.33,"27,639",
Virginia,Wythe County,24360,36.96,-80.93,54,9.07,,"5,951",
Virginia,Dinwiddie County,23833,37.15,-77.63,53,23.17,,"2,287",
Virginia,Madison County,22732,38.31,-78.19,52,207.17,,251,
Virginia,Pittsylvania County,24563,37.09,-79.29,52,10.43,,"4,987",
Virginia,Middlesex County,23031,37.57,-76.6,50,0.00,,,
Virginia,Prince Edward County,23901,37.29,-78.39,50,3.22,8.33,"15,541",
Virginia,Northampton County,23307,37.43,-75.88,49,82.49,,594,
Virginia,Hopewell city,23860,37.29,-77.29,48,1.52,16.00,"31,556",
Virginia,Tazewell County,24605,37.23,-81.26,48,5.63,,"8,533",
Virginia,Richmond County,22460,37.88,-76.62,46,25.30,,"1,818",
Virginia,Petersburg city,23803,37.21,-77.5,44,1.05,,"41,913",
Virginia,Smyth County,24370,36.87,-81.76,40,6.98,20.00,"5,730",
Virginia,Wise County,24216,36.9,-82.78,40,16.18,,"2,472",
Virginia,Bristol city,24201,36.61,-82.16,38,2.39,,"15,910",
Virginia,Martinsville city,24113,36.68,-79.86,38,0.00,,,
Virginia,King William County,23009,37.77,-77.12,35,4.48,,"7,814",
Virginia,Radford city,24141,37.12,-80.55,34,1.56,17.00,"21,804",
Virginia,Amelia County,23002,37.34,-77.96,33,3.09,,"10,664",
Virginia,Buckingham County,24562,37.73,-78.64,33,65.09,,507,
Virginia,Essex County,22436,37.98,-76.96,33,39.66,,832,
Virginia,Mathews County,23021,37.39,-76.35,30,0.00,,0,
Virginia,Giles County,24093,37.37,-80.85,27,236.84,,114,
Virginia,Lee County,24248,36.63,-83.43,27,10.51,,"2,568",
Virginia,Scott County,24251,36.63,-82.58,27,3.45,,"7,821",
Virginia,Southampton County,23837,36.71,-77.06,27,6.31,,"4,281",
Virginia,Charles City County,23030,37.34,-77.07,25,5.76,,"4,342",
Virginia,Nottoway County,23824,37.07,-78,21,3.13,10.50,"6,714",
Virginia,Russell County,24224,36.87,-82.28,20,3.44,,"5,810",
Virginia,Patrick County,24133,36.67,-80.13,19,7.89,,"2,407",
Virginia,Alleghany County,24422,37.82,-79.82,18,3.24,18.00,"5,550",
Virginia,Brunswick County,23868,36.75,-77.85,18,2.80,,"6,420",
Virginia,Sussex County,23870,36.81,-77.47,18,0.00,,0,
Virginia,Appomattox County,24522,37.35,-78.82,17,1.73,,"9,833",
Virginia,Grayson County,24348,36.61,-81.15,16,3.25,,"4,923",
Virginia,Franklin city,23851,36.68,-76.93,14,1.08,14.00,"12,983",
Virginia,Charlotte County,23923,37.05,-78.63,13,5.94,,"2,188",
Virginia,Surry County,23839,37.08,-76.92,13,14.57,,892,
Virginia,Greensville County,23847,36.69,-77.53,12,0.89,12.00,"13,466",
Virginia,King and Queen County,23023,37.77,-76.93,12,23.62,,508,
Virginia,Lunenburg County,23944,36.96,-78.13,12,3.17,,"3,781",
Virginia,Bath County,24445,38,-79.83,11,4.26,2.75,"2,582",
Virginia,Cumberland County,23027,37.66,-78.1,10,6.38,,"1,567",
Virginia,Bland County,24314,37.15,-81.15,9,6.69,,"1,346",
Virginia,Buena Vista city,24416,37.73,-79.35,9,0.96,,"9,397",
Virginia,Bath County,24412,38.05,-79.82,8,50.31,,159,
Virginia,Craig County,24127,37.5,-80.11,8,1.89,,"4,228",
Virginia,Dickenson County,24272,37.02,-82.34,8,19.80,,404,
Virginia,Galax city,24333,36.66,-80.91,7,0.38,,"18,448",
Virginia,Highland County,24413,38.53,-79.6,7,22.36,,313,
Virginia,Buchanan County,24607,37.29,-82.28,6,21.51,,279,
Virginia,Norton city,24273,36.93,-82.62,4,0.67,,"6,004",
Virginia,Accomack County,23302,37.87,-75.52,,,,0,
Virginia,Accomack County,23303,37.9,-75.5,,,,463,
Virginia,Accomack County,23306,37.56,-75.87,,,,858,
Virginia,Accomack County,23308,37.83,-75.62,,,,"1,866",
Virginia,Accomack County,23336,37.95,-75.33,,,,"3,327",
Virginia,Accomack County,23337,37.93,-75.49,,,,758,
Virginia,Accomack County,23341,37.6,-75.86,,,,,
Virginia,Accomack County,23345,37.56,-75.88,,,,,
Virginia,Accomack County,23356,38,-75.41,,,,"1,232",
Virginia,Accomack County,23357,37.76,-75.67,,,,816,
Virginia,Accomack County,23358,37.66,-75.86,,,,144,
Virginia,Accomack County,23359,37.87,-75.58,,,,"1,138",
Virginia,Accomack County,23389,37.66,-75.84,,,,0,
Virginia,Accomack County,23395,37.97,-75.46,,,,453,
Virginia,Accomack County,23396,37.93,-75.54,,,,,
Virginia,Accomack County,23399,37.91,-75.63,,,,,
Virginia,Accomack County,23401,37.62,-75.76,,,,286,
Virginia,Accomack County,23404,37.65,-75.67,,,,,
Virginia,Accomack County,23407,37.84,-75.58,,,,788,
Virginia,Accomack County,23409,37.89,-75.66,,,,183,
Virginia,Accomack County,23410,37.64,-75.74,,,,"2,393",
Virginia,Accomack County,23412,37.81,-75.57,,,,,
Virginia,Accomack County,23414,37.81,-75.58,,,,82,
Virginia,Accomack County,23415,37.97,-75.53,,,,"2,323",
Virginia,Accomack County,23416,37.93,-75.54,,,,45,
Virginia,Accomack County,23417,37.7,-75.74,,,,"3,935",
Virginia,Accomack County,23418,37.69,-75.71,,,,786,
Virginia,Accomack County,23420,37.58,-75.78,,,,"2,908",
Virginia,Accomack County,23421,37.78,-75.65,,,,"3,811",
Virginia,Accomack County,23422,37.62,-75.81,,,,217,
Virginia,Accomack County,23423,37.55,-75.73,,,,320,
Virginia,Accomack County,23426,37.92,-75.66,,,,36,
Virginia,Accomack County,23427,37.92,-75.72,,,,256,
Virginia,Accomack County,23440,37.82,-75.99,,,,345,
Virginia,Accomack County,23441,37.71,-75.7,,,,0,
Virginia,Accomack County,23442,37.89,-75.54,,,,"1,015",
Virginia,Accomack County,23480,37.62,-75.69,,,,362,
Virginia,Accomack County,23483,37.9,-75.5,,,,,
Virginia,Accomack County,23488,37.95,-75.6,,,,143,
Virginia,Albemarle County,22904,38.03,-78.52,,,,"6,270",
Virginia,Albemarle County,22911,38.1,-78.41,,,,"19,005",
Virginia,Albemarle County,22924,38.01,-78.63,,,,,
Virginia,Albemarle County,22931,37.89,-78.7,,,,230,
Virginia,Albemarle County,22932,38.06,-78.69,,,,"8,495",
Virginia,Albemarle County,22936,38.15,-78.48,,,,"6,277",
Virginia,Albemarle County,22937,37.83,-78.6,,,,"1,537",
Virginia,Albemarle County,22940,38.16,-78.56,,,,"1,057",
Virginia,Albemarle County,22943,38.05,-78.77,,,,724,
Virginia,Albemarle County,22945,38.05,-78.59,,,,,
Virginia,Albemarle County,22946,37.86,-78.57,,,,167,
Virginia,Albemarle County,22947,38.02,-78.35,,,,"4,829",
Virginia,Albemarle County,22959,37.94,-78.63,,,,"1,822",
Virginia,Albemarle County,22987,38.11,-78.66,,,,,
Virginia,Albemarle County,24590,37.79,-78.49,,,,"7,490",
Virginia,Alexandria city,22302,38.82,-77.08,,,,"18,081",
Virginia,Alexandria city,22304,38.81,-77.11,,,,"49,711",
Virginia,Alexandria city,22305,38.84,-77.06,,,,"17,051",
Virginia,Alexandria city,22311,38.83,-77.13,,,,"19,531",
Virginia,Alexandria city,22313,38.82,-77.08,,,,,
Virginia,Alexandria city,22314,38.81,-77.06,,,,"35,577",
Virginia,Alexandria city,22320,38.82,-77.08,,,,,
Virginia,Alexandria city,22321,38.8,-77.05,,,,,
Virginia,Alexandria city,22331,38.82,-77.08,,,,,
Virginia,Alexandria city,22332,38.82,-77.08,,,,,
Virginia,Alexandria city,22333,38.82,-77.08,,,,,
Virginia,Alexandria city,22334,38.82,-77.08,,,,,
Virginia,Alexandria city,22336,38.8,-77.04,,,,,
Virginia,Alleghany County,24426,37.77,-79.99,,,,"13,598",
Virginia,Alleghany County,24448,37.8,-79.79,,,,395,
Virginia,Alleghany County,24457,37.76,-79.94,,,,389,
Virginia,Alleghany County,24474,37.81,-79.85,,,,455,
Virginia,Amelia County,23083,37.29,-78.09,,,,"2,450",
Virginia,Amelia County,23105,37.25,-77.82,,,,,
Virginia,Amelia County,23822,37.21,-77.76,,,,,
Virginia,Amherst County,24521,37.58,-79.05,,,,"9,955",
Virginia,Amherst County,24533,37.65,-79.03,,,,,
Virginia,Amherst County,24574,37.6,-79.24,,,,"4,228",
Virginia,Amherst County,24595,37.56,-79.08,,,,586,
Virginia,Appomattox County,23939,37.3,-78.78,,,,,
Virginia,Appomattox County,23958,37.26,-78.68,,,,"2,851",
Virginia,Appomattox County,24593,37.35,-78.91,,,,"2,460",
Virginia,Arlington County,22202,38.86,-77.05,,,,"28,084",
Virginia,Arlington County,22203,38.87,-77.12,,,,"25,753",
Virginia,Arlington County,22204,38.87,-77.1,,,,"52,359",
Virginia,Arlington County,22205,38.88,-77.14,,,,"18,523",
Virginia,Arlington County,22206,38.84,-77.09,,,,"20,553",
Virginia,Arlington County,22207,38.91,-77.12,,,,"34,647",
Virginia,Arlington County,22209,38.9,-77.08,,,,"13,173",
Virginia,Arlington County,22210,38.87,-77.1,,,,,
Virginia,Arlington County,22211,38.87,-77.07,,,,"1,205",
Virginia,Arlington County,22212,38.87,-77.1,,,,,
Virginia,Arlington County,22213,38.9,-77.16,,,,"4,150",
Virginia,Arlington County,22214,38.87,-77.07,,,,0,
Virginia,Arlington County,22215,38.87,-77.1,,,,,
Virginia,Arlington County,22216,38.87,-77.1,,,,,
Virginia,Arlington County,22217,38.87,-77.1,,,,,
Virginia,Arlington County,22218,38.88,-77.09,,,,,
Virginia,Arlington County,22219,38.87,-77.1,,,,,
Virginia,Arlington County,22222,38.87,-77.1,,,,,
Virginia,Arlington County,22223,38.88,-77.09,,,,,
Virginia,Arlington County,22225,38.87,-77.1,,,,,
Virginia,Arlington County,22226,38.87,-77.1,,,,,
Virginia,Arlington County,22227,38.87,-77.1,,,,,
Virginia,Arlington County,22229,38.89,-77.07,,,,,
Virginia,Arlington County,22230,38.87,-77.1,,,,,
Virginia,Arlington County,22234,38.89,-77.07,,,,,
Virginia,Arlington County,22240,38.87,-77.1,,,,,
Virginia,Arlington County,22241,38.87,-77.1,,,,,
Virginia,Arlington County,22242,38.87,-77.1,,,,,
Virginia,Arlington County,22243,38.87,-77.1,,,,,
Virginia,Arlington County,22244,38.87,-77.1,,,,,
Virginia,Arlington County,22245,38.87,-77.1,,,,,
Virginia,Arlington County,22246,38.87,-77.1,,,,,
Virginia,Augusta County,22939,38.09,-78.96,,,,"6,455",
Virginia,Augusta County,22952,37.96,-78.96,,,,"1,590",
Virginia,Augusta County,24411,38.11,-79.31,,,,3,
Virginia,Augusta County,24421,38.22,-79.16,,,,"3,336",
Virginia,Augusta County,24430,38.08,-79.38,,,,"3,629",
Virginia,Augusta County,24431,38.16,-78.83,,,,"2,470",
Virginia,Augusta County,24432,38.19,-79.4,,,,450,
Virginia,Augusta County,24437,38.21,-78.94,,,,"1,585",
Virginia,Augusta County,24440,38,-79.15,,,,"3,020",
Virginia,Augusta County,24459,38.02,-79.28,,,,436,
Virginia,Augusta County,24463,38.07,-79.1,,,,,
Virginia,Augusta County,24467,38.26,-78.97,,,,"2,862",
Virginia,Augusta County,24469,38.19,-78.9,,,,0,
Virginia,Augusta County,24476,37.97,-79.23,,,,238,
Virginia,Augusta County,24477,38.02,-79.02,,,,"11,589",
Virginia,Augusta County,24479,38.14,-79.2,,,,"2,119",
Virginia,Augusta County,24482,38.19,-79,,,,"5,603",
Virginia,Augusta County,24485,38.27,-79.3,,,,331,
Virginia,Augusta County,24486,38.28,-78.92,,,,"3,391",
Virginia,Bath County,24460,37.96,-79.6,,,,"1,195",
Virginia,Bath County,24484,38.05,-79.78,,,,500,
Virginia,Bath County,24487,38.19,-79.56,,,,389,
Virginia,Bedford County,24095,37.21,-79.71,,,,"3,520",
Virginia,Bedford County,24104,37.16,-79.48,,,,"2,641",
Virginia,Bedford County,24121,37.18,-79.63,,,,"11,043",
Virginia,Bedford County,24122,37.43,-79.69,,,,"1,450",
Virginia,Bedford County,24178,37.39,-79.74,,,,,
Virginia,Bedford County,24523,37.32,-79.52,,,,"21,132",
Virginia,Bedford County,24526,37.53,-79.36,,,,"1,498",
Virginia,Bedford County,24536,37.5,-79.33,,,,273,
Virginia,Bedford County,24551,37.37,-79.27,,,,"26,873",
Virginia,Bedford County,24556,37.36,-79.38,,,,"2,441",
Virginia,Bedford County,24570,37.35,-79.42,,,,0,
Virginia,Bland County,24315,37.1,-81.11,,,,"3,710",
Virginia,Bland County,24318,37.01,-81.35,,,,596,
Virginia,Bland County,24366,37.26,-81.12,,,,329,
Virginia,Botetourt County,24064,37.38,-79.82,,,,"5,245",
Virginia,Botetourt County,24066,37.52,-79.68,,,,"5,127",
Virginia,Botetourt County,24077,37.37,-79.9,,,,"1,346",
Virginia,Botetourt County,24083,37.41,-79.92,,,,"4,225",
Virginia,Botetourt County,24090,37.49,-79.87,,,,"4,932",
Virginia,Botetourt County,24130,37.61,-80,,,,0,
Virginia,Botetourt County,24175,37.41,-79.87,,,,"7,881",
Virginia,Botetourt County,24438,37.75,-79.81,,,,,
Virginia,Bristol city,24203,36.61,-82.16,,,,,
Virginia,Bristol city,24205,36.61,-82.17,,,,,
Virginia,Bristol city,24209,36.61,-82.16,,,,,
Virginia,Brunswick County,23821,36.86,-77.88,,,,"1,931",
Virginia,Brunswick County,23843,36.83,-77.79,,,,462,
Virginia,Brunswick County,23845,36.57,-77.99,,,,327,
Virginia,Brunswick County,23856,36.8,-77.7,,,,881,
Virginia,Brunswick County,23857,36.56,-77.89,,,,399,
Virginia,Brunswick County,23873,36.79,-77.95,,,,,
Virginia,Brunswick County,23876,36.94,-77.77,,,,195,
Virginia,Brunswick County,23887,36.58,-77.83,,,,524,
Virginia,Brunswick County,23889,36.89,-77.74,,,,574,
Virginia,Brunswick County,23893,36.63,-77.91,,,,496,
Virginia,Brunswick County,23920,36.7,-78.03,,,,"2,756",
Virginia,Brunswick County,23938,36.91,-77.99,,,,198,
Virginia,Buchanan County,24239,37.12,-82.15,,,,174,
Virginia,Buchanan County,24603,37.35,-82.2,,,,505,
Virginia,Buchanan County,24614,37.27,-82.1,,,,"7,501",
Virginia,Buchanan County,24620,37.42,-82.02,,,,"2,492",
Virginia,Buchanan County,24622,37.18,-81.8,,,,513,
Virginia,Buchanan County,24624,37.2,-81.95,,,,,
Virginia,Buchanan County,24627,37.19,-82.21,,,,,
Virginia,Buchanan County,24628,37.31,-82.19,,,,263,
Virginia,Buchanan County,24631,37.21,-81.98,,,,"1,917",
Virginia,Buchanan County,24634,37.29,-81.9,,,,273,
Virginia,Buchanan County,24646,37.12,-82.03,,,,846,
Virginia,Buchanan County,24647,37.18,-81.84,,,,,
Virginia,Buchanan County,24656,37.23,-82.08,,,,"2,657",
Virginia,Buchanan County,24657,37.26,-81.88,,,,297,
Virginia,Buchanan County,24658,37.38,-81.99,,,,,
Virginia,Buckingham County,23004,37.66,-78.41,,,,"1,043",
Virginia,Buckingham County,23123,37.7,-78.3,,,,"1,846",
Virginia,Buckingham County,23921,37.55,-78.55,,,,"2,250",
Virginia,Buckingham County,23936,37.54,-78.46,,,,"7,254",
Virginia,Buckingham County,24599,37.64,-78.73,,,,650,
Virginia,Campbell County,24528,37.05,-78.94,,,,"3,568",
Virginia,Campbell County,24538,37.35,-78.98,,,,"4,744",
Virginia,Campbell County,24550,37.23,-79.28,,,,"8,040",
Virginia,Campbell County,24554,37.16,-79.08,,,,"3,699",
Virginia,Campbell County,24571,37.14,-79.36,,,,"2,224",
Virginia,Campbell County,24576,37.13,-78.95,,,,,
Virginia,Campbell County,24588,37.28,-79.1,,,,"9,265",
Virginia,Caroline County,22428,38.04,-77.35,,,,,
Virginia,Caroline County,22446,38.19,-77.38,,,,,
Virginia,Caroline County,22501,38.01,-77.51,,,,,
Virginia,Caroline County,22514,38.02,-77.36,,,,"2,402",
Virginia,Caroline County,22535,38.16,-77.19,,,,440,
Virginia,Caroline County,22538,38.2,-77.26,,,,125,
Virginia,Caroline County,22546,38,-77.54,,,,"17,371",
Virginia,Caroline County,22552,37.99,-77.22,,,,,
Virginia,Caroline County,22580,38.11,-77.4,,,,"5,382",
Virginia,Carroll County,24312,36.82,-80.86,,,,"1,655",
Virginia,Carroll County,24325,36.81,-80.61,,,,"1,116",
Virginia,Carroll County,24328,36.66,-80.7,,,,"1,659",
Virginia,Carroll County,24343,36.76,-80.73,,,,"8,191",
Virginia,Carroll County,24351,36.58,-80.76,,,,264,
Virginia,Carroll County,24352,36.71,-80.51,,,,"1,482",
Virginia,Carroll County,24381,36.71,-80.81,,,,"3,176",
Virginia,Charlotte County,23934,37.18,-78.63,,,,625,
Virginia,Charlotte County,23937,36.99,-78.6,,,,"2,007",
Virginia,Charlotte County,23947,37.03,-78.48,,,,"3,391",
Virginia,Charlotte County,23959,37.08,-78.74,,,,"1,478",
Virginia,Charlotte County,23962,36.97,-78.7,,,,600,
Virginia,Charlotte County,23963,37.18,-78.8,,,,292,
Virginia,Charlotte County,23964,36.76,-78.63,,,,956,
Virginia,Charlotte County,23967,36.93,-78.66,,,,"1,539",
Virginia,Charlotte County,23976,36.85,-78.58,,,,46,
Virginia,Charlottesville city,22903,38.01,-78.6,,,,"41,040",
Virginia,Charlottesville city,22905,38.03,-78.48,,,,,
Virginia,Charlottesville city,22906,38.03,-78.48,,,,,
Virginia,Charlottesville city,22907,38.03,-78.48,,,,,
Virginia,Charlottesville city,22908,38.03,-78.48,,,,0,
Virginia,Charlottesville city,22909,38.03,-78.48,,,,,
Virginia,Charlottesville city,22910,38.03,-78.48,,,,,
Virginia,Chesapeake city,23321,36.8,-76.42,,,,"38,586",
Virginia,Chesapeake city,23322,36.62,-76.23,,,,"66,091",
Virginia,Chesapeake city,23323,36.67,-76.3,,,,"41,909",
Virginia,Chesapeake city,23324,36.8,-76.27,,,,"22,843",
Virginia,Chesapeake city,23325,36.81,-76.24,,,,"18,230",
Virginia,Chesapeake city,23326,36.67,-76.3,,,,,
Virginia,Chesapeake city,23327,36.67,-76.3,,,,,
Virginia,Chesapeake city,23328,36.67,-76.3,,,,,
Virginia,Chesterfield County,23113,37.54,-77.68,,,,"26,392",
Virginia,Chesterfield County,23114,37.48,-77.65,,,,"21,561",
Virginia,Chesterfield County,23120,37.41,-77.77,,,,"15,851",
Virginia,Chesterfield County,23234,37.45,-77.47,,,,"45,139",
Virginia,Chesterfield County,23235,37.51,-77.56,,,,"32,673",
Virginia,Chesterfield County,23236,37.48,-77.59,,,,"25,768",
Virginia,Chesterfield County,23237,37.4,-77.45,,,,"28,249",
Virginia,Chesterfield County,23806,37.24,-77.42,,,,"1,603",
Virginia,Chesterfield County,23831,37.35,-77.43,,,,"36,606",
Virginia,Chesterfield County,23832,37.39,-77.59,,,,"40,992",
Virginia,Chesterfield County,23836,37.35,-77.35,,,,"13,905",
Virginia,Chesterfield County,23838,37.32,-77.63,,,,"16,947",
Virginia,Clarke County,20135,39.11,-77.83,,,,"3,359",
Virginia,Clarke County,22611,39.14,-77.98,,,,"9,219",
Virginia,Clarke County,22620,39.09,-78.05,,,,"2,607",
Virginia,Clarke County,22646,39.06,-78.03,,,,39,
Virginia,Craig County,24131,37.56,-80.28,,,,44,
Virginia,Culpeper County,20106,38.67,-77.99,,,,"4,138",
Virginia,Culpeper County,22713,38.54,-78.14,,,,"1,902",
Virginia,Culpeper County,22714,38.52,-77.89,,,,"1,034",
Virginia,Culpeper County,22718,38.51,-77.85,,,,788,
Virginia,Culpeper County,22724,38.63,-77.91,,,,"2,424",
Virginia,Culpeper County,22726,38.41,-77.82,,,,821,
Virginia,Culpeper County,22729,38.37,-78,,,,"1,184",
Virginia,Culpeper County,22733,38.31,-78.06,,,,"1,506",
Virginia,Culpeper County,22735,38.49,-78.13,,,,"2,100",
Virginia,Culpeper County,22736,38.4,-77.72,,,,800,
Virginia,Culpeper County,22737,38.58,-77.97,,,,"3,307",
Virginia,Culpeper County,22741,38.43,-77.87,,,,271,
Virginia,Cumberland County,23040,37.49,-78.24,,,,"4,216",
Virginia,Danville city,24541,36.58,-79.4,,,,"28,428",
Virginia,Danville city,24543,36.58,-79.4,,,,,
Virginia,Danville city,24544,36.58,-79.39,,,,,
Virginia,Dickenson County,24217,37.08,-82.19,,,,206,
Virginia,Dickenson County,24220,37.15,-82.23,,,,873,
Virginia,Dickenson County,24226,37.12,-82.33,,,,"1,687",
Virginia,Dickenson County,24228,37.15,-82.45,,,,"6,052",
Virginia,Dickenson County,24237,36.98,-82.29,,,,"1,001",
Virginia,Dickenson County,24256,37.2,-82.29,,,,"3,239",
Virginia,Dickenson County,24269,37.08,-82.38,,,,418,
Virginia,Dinwiddie County,23840,37.03,-77.64,,,,"1,421",
Virginia,Dinwiddie County,23841,37.07,-77.58,,,,"2,817",
Virginia,Dinwiddie County,23850,37.14,-77.73,,,,"1,139",
Virginia,Dinwiddie County,23872,36.99,-77.74,,,,"2,600",
Virginia,Dinwiddie County,23885,37.19,-77.56,,,,"2,573",
Virginia,Dinwiddie County,23894,37.14,-77.85,,,,413,
Virginia,Essex County,22437,37.8,-76.77,,,,781,
Virginia,Essex County,22438,38.04,-76.98,,,,261,
Virginia,Essex County,22454,37.85,-76.82,,,,"1,938",
Virginia,Essex County,22476,38.04,-77.06,,,,188,
Virginia,Essex County,22504,37.77,-76.73,,,,138,
Virginia,Essex County,22509,38.12,-77.08,,,,75,
Virginia,Essex County,22560,37.92,-76.86,,,,"6,677",
Virginia,Essex County,23115,37.81,-76.91,,,,2,
Virginia,Fairfax city,22036,38.85,-77.29,,,,,
Virginia,Fairfax city,22037,38.85,-77.29,,,,,
Virginia,Fairfax city,22038,38.85,-77.29,,,,,
Virginia,Fairfax County,20121,38.81,-77.46,,,,"27,428",
Virginia,Fairfax County,20122,38.84,-77.44,,,,,
Virginia,Fairfax County,20124,38.77,-77.38,,,,"15,117",
Virginia,Fairfax County,20151,38.9,-77.45,,,,"21,893",
Virginia,Fairfax County,20153,38.87,-77.4,,,,,
Virginia,Fairfax County,20170,38.96,-77.38,,,,"43,557",
Virginia,Fairfax County,20171,38.92,-77.4,,,,"51,081",
Virginia,Fairfax County,20172,38.96,-77.38,,,,,
Virginia,Fairfax County,20190,38.95,-77.34,,,,"21,121",
Virginia,Fairfax County,20191,38.93,-77.35,,,,"29,758",
Virginia,Fairfax County,20192,38.96,-77.38,,,,,
Virginia,Fairfax County,20193,38.93,-77.34,,,,,
Virginia,Fairfax County,20194,38.98,-77.34,,,,"12,576",
Virginia,Fairfax County,20195,38.95,-77.34,,,,,
Virginia,Fairfax County,20196,38.95,-77.34,,,,,
Virginia,Fairfax County,20598,38.86,-77.05,,,,,
Virginia,Fairfax County,22003,38.83,-77.21,,,,"58,872",
Virginia,Fairfax County,22009,38.78,-77.27,,,,,
Virginia,Fairfax County,22015,38.78,-77.27,,,,"44,959",
Virginia,Fairfax County,22027,38.89,-77.22,,,,"1,974",
Virginia,Fairfax County,22030,38.84,-77.34,,,,"61,665",
Virginia,Fairfax County,22031,38.85,-77.29,,,,"35,872",
Virginia,Fairfax County,22032,38.82,-77.29,,,,"29,510",
Virginia,Fairfax County,22033,38.88,-77.38,,,,"38,610",
Virginia,Fairfax County,22035,38.85,-77.36,,,,0,
Virginia,Fairfax County,22039,38.76,-77.31,,,,"17,624",
Virginia,Fairfax County,22041,38.84,-77.14,,,,"29,132",
Virginia,Fairfax County,22042,38.87,-77.2,,,,"34,860",
Virginia,Fairfax County,22043,38.9,-77.2,,,,"25,843",
Virginia,Fairfax County,22044,38.86,-77.15,,,,"14,042",
Virginia,Fairfax County,22060,38.7,-77.14,,,,"9,846",
Virginia,Fairfax County,22066,39.01,-77.28,,,,"16,925",
Virginia,Fairfax County,22067,38.93,-77.16,,,,,
Virginia,Fairfax County,22079,38.7,-77.24,,,,"36,857",
Virginia,Fairfax County,22081,38.87,-77.24,,,,,
Virginia,Fairfax County,22082,38.87,-77.24,,,,,
Virginia,Fairfax County,22092,38.96,-77.38,,,,,
Virginia,Fairfax County,22095,38.96,-77.38,,,,,
Virginia,Fairfax County,22096,38.95,-77.34,,,,,
Virginia,Fairfax County,22101,38.94,-77.19,,,,"30,729",
Virginia,Fairfax County,22102,38.95,-77.23,,,,"28,356",
Virginia,Fairfax County,22103,38.93,-77.16,,,,,
Virginia,Fairfax County,22106,38.94,-77.19,,,,,
Virginia,Fairfax County,22107,38.93,-77.18,,,,,
Virginia,Fairfax County,22108,38.93,-77.18,,,,,
Virginia,Fairfax County,22109,38.94,-77.19,,,,,
Virginia,Fairfax County,22116,38.87,-77.24,,,,,
Virginia,Fairfax County,22118,38.87,-77.24,,,,,
Virginia,Fairfax County,22119,38.87,-77.24,,,,,
Virginia,Fairfax County,22120,38.87,-77.22,,,,,
Virginia,Fairfax County,22121,38.71,-77.1,,,,,
Virginia,Fairfax County,22122,38.73,-77.2,,,,,
Virginia,Fairfax County,22124,38.89,-77.3,,,,"18,449",
Virginia,Fairfax County,22150,38.78,-77.17,,,,"27,734",
Virginia,Fairfax County,22151,38.8,-77.21,,,,"16,827",
Virginia,Fairfax County,22152,38.77,-77.23,,,,"30,155",
Virginia,Fairfax County,22153,38.74,-77.24,,,,"32,546",
Virginia,Fairfax County,22156,38.78,-77.17,,,,,
Virginia,Fairfax County,22158,38.78,-77.17,,,,,
Virginia,Fairfax County,22159,38.78,-77.17,,,,,
Virginia,Fairfax County,22160,38.78,-77.17,,,,,
Virginia,Fairfax County,22161,38.78,-77.17,,,,,
Virginia,Fairfax County,22180,38.9,-77.26,,,,"26,179",
Virginia,Fairfax County,22181,38.91,-77.29,,,,"15,698",
Virginia,Fairfax County,22182,38.94,-77.27,,,,"26,892",
Virginia,Fairfax County,22183,38.9,-77.26,,,,,
Virginia,Fairfax County,22184,38.9,-77.26,,,,,
Virginia,Fairfax County,22185,38.87,-77.3,,,,0,
Virginia,Fairfax County,22199,38.7,-77.24,,,,,
Virginia,Fairfax County,22303,38.79,-77.08,,,,"16,321",
Virginia,Fairfax County,22306,38.76,-77.1,,,,"32,842",
Virginia,Fairfax County,22307,38.77,-77.06,,,,"10,202",
Virginia,Fairfax County,22308,38.73,-77.06,,,,"12,980",
Virginia,Fairfax County,22309,38.72,-77.11,,,,"36,265",
Virginia,Fairfax County,22310,38.78,-77.12,,,,"29,788",
Virginia,Fairfax County,22312,38.82,-77.15,,,,"26,573",
Virginia,Fairfax County,22315,38.76,-77.15,,,,"29,358",
Virginia,Falls Church city,22046,38.88,-77.17,,,,"18,007",
Virginia,Falls Church city,22047,38.86,-77.22,,,,,
Virginia,Fauquier County,20115,38.87,-77.85,,,,"7,943",
Virginia,Fauquier County,20116,38.87,-77.85,,,,,
Virginia,Fauquier County,20119,38.61,-77.64,,,,"3,803",
Virginia,Fauquier County,20128,38.74,-77.96,,,,,
Virginia,Fauquier County,20137,38.81,-77.72,,,,"1,925",
Virginia,Fauquier County,20138,38.63,-77.67,,,,,
Virginia,Fauquier County,20139,38.66,-77.7,,,,211,
Virginia,Fauquier County,20140,38.81,-77.9,,,,,
Virginia,Fauquier County,20144,38.92,-77.92,,,,"1,337",
Virginia,Fauquier County,20184,38.99,-77.88,,,,442,
Virginia,Fauquier County,20185,38.99,-77.88,,,,,
Virginia,Fauquier County,20186,38.71,-77.79,,,,"15,495",
Virginia,Fauquier County,20187,38.72,-77.75,,,,"18,832",
Virginia,Fauquier County,20188,38.71,-77.79,,,,,
Virginia,Fauquier County,20198,38.86,-77.77,,,,"2,172",
Virginia,Fauquier County,22639,38.83,-77.99,,,,681,
Virginia,Fauquier County,22643,38.9,-78,,,,111,
Virginia,Fauquier County,22720,38.44,-77.65,,,,"1,276",
Virginia,Fauquier County,22728,38.59,-77.72,,,,"3,120",
Virginia,Fauquier County,22734,38.53,-77.8,,,,"3,743",
Virginia,Fauquier County,22739,38.52,-77.6,,,,,
Virginia,Fauquier County,22742,38.46,-77.72,,,,"1,443",
Virginia,Floyd County,24072,37.04,-80.24,,,,"1,161",
Virginia,Floyd County,24079,37.08,-80.13,,,,"1,911",
Virginia,Floyd County,24105,36.91,-80.6,,,,285,
Virginia,Floyd County,24380,36.85,-80.48,,,,"2,741",
Virginia,Fluvanna County,22974,37.94,-78.24,,,,"4,740",
Virginia,Fluvanna County,23022,37.71,-78.29,,,,"1,217",
Virginia,Fluvanna County,23055,37.76,-78.26,,,,867,
Virginia,Fluvanna County,23084,37.87,-78.12,,,,"1,251",
Virginia,Franklin County,24065,37.11,-79.95,,,,"6,596",
Virginia,Franklin County,24067,37.01,-80.05,,,,"2,212",
Virginia,Franklin County,24092,37,-79.77,,,,"3,471",
Virginia,Franklin County,24101,37.18,-79.8,,,,"6,373",
Virginia,Franklin County,24102,36.83,-80,,,,"1,491",
Virginia,Franklin County,24137,36.98,-79.63,,,,"2,773",
Virginia,Franklin County,24146,37.01,-79.79,,,,,
Virginia,Franklin County,24151,36.99,-79.89,,,,"18,506",
Virginia,Franklin County,24176,37,-79.68,,,,"1,135",
Virginia,Franklin County,24184,37.08,-79.9,,,,"4,129",
Virginia,Frederick County,22602,39.14,-78.28,,,,"32,032",
Virginia,Frederick County,22603,39.28,-78.21,,,,"16,848",
Virginia,Frederick County,22622,39.25,-78.05,,,,,
Virginia,Frederick County,22624,39.26,-78.1,,,,"3,371",
Virginia,Frederick County,22625,39.32,-78.29,,,,"3,251",
Virginia,Frederick County,22637,39.26,-78.33,,,,"2,279",
Virginia,Frederick County,22645,39.02,-78.27,,,,"4,430",
Virginia,Frederick County,22649,39.02,-78.27,,,,,
Virginia,Frederick County,22654,39.08,-78.45,,,,"1,283",
Virginia,Frederick County,22656,39.2,-78.09,,,,"4,754",
Virginia,Frederick County,22663,39.05,-78.1,,,,"1,076",
Virginia,Fredericksburg city,22402,38.29,-77.48,,,,,
Virginia,Fredericksburg city,22403,38.29,-77.48,,,,,
Virginia,Fredericksburg city,22404,38.29,-77.48,,,,,
Virginia,Fredericksburg city,22412,38.29,-77.48,,,,,
Virginia,Giles County,24086,37.28,-80.63,,,,154,
Virginia,Giles County,24124,37.33,-80.8,,,,"4,801",
Virginia,Giles County,24128,37.29,-80.49,,,,"1,539",
Virginia,Giles County,24134,37.32,-80.72,,,,"5,544",
Virginia,Giles County,24136,37.32,-80.63,,,,"3,024",
Virginia,Giles County,24147,37.38,-80.82,,,,"1,350",
Virginia,Giles County,24150,37.38,-80.63,,,,640,
Virginia,Giles County,24167,37.26,-80.72,,,,132,
Virginia,Gloucester County,23001,37.28,-76.44,,,,,
Virginia,Gloucester County,23003,37.43,-76.57,,,,,
Virginia,Gloucester County,23018,37.27,-76.45,,,,,
Virginia,Gloucester County,23062,37.26,-76.49,,,,"2,239",
Virginia,Gloucester County,23072,37.29,-76.45,,,,"12,433",
Virginia,Gloucester County,23107,37.27,-76.4,,,,,
Virginia,Gloucester County,23131,37.31,-76.51,,,,,
Virginia,Gloucester County,23154,37.39,-76.44,,,,,
Virginia,Gloucester County,23155,37.29,-76.41,,,,,
Virginia,Gloucester County,23178,37.4,-76.45,,,,,
Virginia,Gloucester County,23183,37.34,-76.52,,,,,
Virginia,Gloucester County,23184,37.29,-76.51,,,,,
Virginia,Gloucester County,23190,37.43,-76.54,,,,,
Virginia,Goochland County,23039,37.63,-77.79,,,,"1,351",
Virginia,Goochland County,23063,37.68,-77.88,,,,"5,361",
Virginia,Goochland County,23065,37.77,-77.89,,,,"1,698",
Virginia,Goochland County,23067,37.82,-77.99,,,,,
Virginia,Goochland County,23102,37.71,-77.83,,,,"3,111",
Virginia,Goochland County,23103,37.64,-77.7,,,,"6,351",
Virginia,Goochland County,23129,37.7,-77.78,,,,390,
Virginia,Goochland County,23153,37.75,-77.91,,,,"1,508",
Virginia,Grayson County,24292,36.6,-81.61,,,,299,
Virginia,Grayson County,24326,36.73,-81.2,,,,796,
Virginia,Grayson County,24330,36.71,-80.97,,,,"2,905",
Virginia,Grayson County,24363,36.58,-81.33,,,,"1,068",
Virginia,Grayson County,24378,36.7,-81.43,,,,983,
Virginia,Greene County,22923,38.17,-78.28,,,,"6,410",
Virginia,Greene County,22935,38.26,-78.57,,,,869,
Virginia,Greene County,22965,38.25,-78.38,,,,,
Virginia,Greene County,22973,38.3,-78.43,,,,"6,196",
Virginia,Greensville County,23867,36.81,-77.47,,,,"4,961",
Virginia,Greensville County,23879,36.59,-77.6,,,,580,
Virginia,Halifax County,24534,36.83,-78.73,,,,"1,565",
Virginia,Halifax County,24535,36.61,-78.91,,,,,
Virginia,Halifax County,24539,36.85,-78.91,,,,349,
Virginia,Halifax County,24558,36.76,-78.93,,,,"6,133",
Virginia,Halifax County,24577,36.93,-78.95,,,,"4,489",
Virginia,Halifax County,24589,36.75,-78.79,,,,"2,417",
Virginia,Halifax County,24592,36.7,-78.9,,,,"13,846",
Virginia,Halifax County,24597,36.79,-79.12,,,,876,
Virginia,Halifax County,24598,36.6,-78.79,,,,"1,232",
Virginia,Hampton city,23651,37.01,-76.3,,,,377,
Virginia,Hampton city,23661,37.01,-76.39,,,,"13,936",
Virginia,Hampton city,23663,37.03,-76.31,,,,"13,484",
Virginia,Hampton city,23664,37.04,-76.29,,,,"10,672",
Virginia,Hampton city,23666,37.06,-76.41,,,,"53,655",
Virginia,Hampton city,23667,37.04,-76.29,,,,62,
Virginia,Hampton city,23668,37.04,-76.29,,,,760,
Virginia,Hampton city,23669,37.05,-76.34,,,,"39,847",
Virginia,Hampton city,23670,37.04,-76.29,,,,,
Virginia,Hampton city,23681,37.04,-76.29,,,,0,
Virginia,Hanover County,23015,37.93,-77.63,,,,"4,175",
Virginia,Hanover County,23047,37.86,-77.46,,,,"1,732",
Virginia,Hanover County,23069,37.76,-77.37,,,,"3,183",
Virginia,Hanover County,23111,37.62,-77.35,,,,"37,528",
Virginia,Hanover County,23116,37.68,-77.34,,,,"33,550",
Virginia,Hanover County,23146,37.72,-77.67,,,,"3,347",
Virginia,Hanover County,23162,37.67,-77.29,,,,,
Virginia,Hanover County,23192,37.81,-77.67,,,,"6,592",
Virginia,Harrisonburg city,22802,38.49,-78.86,,,,"29,066",
Virginia,Harrisonburg city,22803,38.51,-78.94,,,,,
Virginia,Harrisonburg city,22807,38.43,-78.87,,,,"5,601",
Virginia,Henrico County,23058,37.66,-77.48,,,,,
Virginia,Henrico County,23060,37.66,-77.48,,,,"36,699",
Virginia,Henrico County,23075,37.55,-77.32,,,,"8,447",
Virginia,Henrico County,23150,37.51,-77.27,,,,"12,270",
Virginia,Henrico County,23223,37.56,-77.38,,,,"55,072",
Virginia,Henrico County,23227,37.61,-77.44,,,,"25,758",
Virginia,Henrico County,23228,37.63,-77.49,,,,"35,592",
Virginia,Henrico County,23229,37.59,-77.57,,,,"35,457",
Virginia,Henrico County,23230,37.59,-77.49,,,,"7,696",
Virginia,Henrico County,23231,37.44,-77.32,,,,"37,370",
Virginia,Henrico County,23233,37.65,-77.62,,,,"31,164",
Virginia,Henrico County,23238,37.6,-77.65,,,,"26,521",
Virginia,Henrico County,23242,37.55,-77.46,,,,,
Virginia,Henrico County,23250,37.5,-77.32,,,,0,
Virginia,Henrico County,23255,37.55,-77.46,,,,,
Virginia,Henrico County,23273,37.55,-77.46,,,,,
Virginia,Henrico County,23288,37.55,-77.46,,,,,
Virginia,Henrico County,23294,37.63,-77.54,,,,"19,669",
Virginia,Henry County,24054,36.66,-79.71,,,,"6,391",
Virginia,Henry County,24055,36.76,-79.98,,,,"11,647",
Virginia,Henry County,24078,36.72,-79.91,,,,"7,304",
Virginia,Henry County,24112,36.68,-79.86,,,,"30,370",
Virginia,Henry County,24148,36.57,-79.85,,,,"8,554",
Virginia,Henry County,24165,36.61,-80.01,,,,"1,380",
Virginia,Henry County,24168,36.73,-79.95,,,,58,
Virginia,Highland County,24433,38.43,-79.44,,,,79,
Virginia,Highland County,24442,38.37,-79.38,,,,81,
Virginia,Highland County,24458,38.3,-79.52,,,,278,
Virginia,Highland County,24465,38.41,-79.58,,,,"1,274",
Virginia,Highland County,24468,38.32,-79.64,,,,,
Virginia,Isle of Wight County,23314,36.94,-76.56,,,,"9,729",
Virginia,Isle of Wight County,23315,36.71,-76.82,,,,"1,750",
Virginia,Isle of Wight County,23397,36.9,-76.7,,,,,
Virginia,Isle of Wight County,23424,36.99,-76.55,,,,,
Virginia,Isle of Wight County,23430,36.98,-76.61,,,,"18,371",
Virginia,Isle of Wight County,23431,36.98,-76.61,,,,,
Virginia,Isle of Wight County,23487,36.8,-76.73,,,,"5,978",
Virginia,Isle of Wight County,23898,36.86,-76.82,,,,"2,638",
Virginia,James City County,23127,37.36,-76.77,,,,,
Virginia,James City County,23168,37.37,-76.8,,,,"8,861",
Virginia,James City County,23185,37.27,-76.7,,,,"53,373",
Virginia,James City County,23188,37.35,-76.77,,,,"44,465",
Virginia,King and Queen County,23085,37.72,-76.84,,,,501,
Virginia,King and Queen County,23091,37.66,-76.8,,,,548,
Virginia,King and Queen County,23108,37.62,-76.7,,,,56,
Virginia,King and Queen County,23110,37.53,-76.77,,,,699,
Virginia,King and Queen County,23126,37.91,-77.12,,,,494,
Virginia,King and Queen County,23148,37.8,-77.05,,,,"1,285",
Virginia,King and Queen County,23156,37.54,-76.73,,,,"1,384",
Virginia,King and Queen County,23161,37.72,-76.92,,,,80,
Virginia,King and Queen County,23177,37.72,-77.02,,,,749,
Virginia,King George County,22451,38.23,-77.21,,,,,
Virginia,King George County,22481,38.21,-77.13,,,,,
Virginia,King George County,22485,38.26,-77.18,,,,"26,262",
Virginia,King George County,22526,38.27,-77.05,,,,,
Virginia,King George County,22544,38.18,-77.06,,,,,
Virginia,King George County,22547,38.27,-77.32,,,,,
Virginia,King William County,23086,37.68,-77.01,,,,"3,654",
Virginia,King William County,23106,37.7,-77.15,,,,"1,094",
Virginia,King William County,23181,37.55,-76.8,,,,"5,293",
Virginia,Lancaster County,22482,37.71,-76.38,,,,"3,169",
Virginia,Lancaster County,22503,37.76,-76.46,,,,"3,920",
Virginia,Lancaster County,22507,37.77,-76.51,,,,,
Virginia,Lancaster County,22513,37.71,-76.5,,,,,
Virginia,Lancaster County,22517,37.72,-76.53,,,,,
Virginia,Lancaster County,22523,37.8,-76.61,,,,,
Virginia,Lancaster County,22528,37.79,-76.55,,,,,
Virginia,Lancaster County,22576,37.68,-76.44,,,,"1,554",
Virginia,Lancaster County,22578,37.64,-76.39,,,,"2,546",
Virginia,Lee County,24218,36.73,-83.08,,,,,
Virginia,Lee County,24221,36.62,-83.05,,,,545,
Virginia,Lee County,24243,36.77,-82.94,,,,"1,440",
Virginia,Lee County,24263,36.68,-83.11,,,,"5,516",
Virginia,Lee County,24265,36.86,-82.9,,,,"1,065",
Virginia,Lee County,24277,36.75,-83.02,,,,"6,342",
Virginia,Lee County,24281,36.67,-83.36,,,,"2,474",
Virginia,Lee County,24282,36.8,-83.05,,,,734,
Virginia,Loudoun County,20101,38.92,-77.35,,,,,
Virginia,Loudoun County,20102,38.92,-77.35,,,,,
Virginia,Loudoun County,20103,38.92,-77.35,,,,,
Virginia,Loudoun County,20104,38.92,-77.35,,,,,
Virginia,Loudoun County,20105,38.97,-77.64,,,,"33,967",
Virginia,Loudoun County,20107,38.96,-77.52,,,,,
Virginia,Loudoun County,20117,38.97,-77.73,,,,"2,997",
Virginia,Loudoun County,20118,38.97,-77.74,,,,9,
Virginia,Loudoun County,20129,39.16,-77.61,,,,533,
Virginia,Loudoun County,20131,39.05,-77.74,,,,,
Virginia,Loudoun County,20132,39.13,-77.71,,,,"19,114",
Virginia,Loudoun County,20134,39.13,-77.71,,,,,
Virginia,Loudoun County,20141,39.13,-77.77,,,,"8,425",
Virginia,Loudoun County,20142,39.13,-77.77,,,,,
Virginia,Loudoun County,20146,39.04,-77.48,,,,,
Virginia,Loudoun County,20147,39.04,-77.48,,,,"66,917",
Virginia,Loudoun County,20148,39,-77.52,,,,"62,554",
Virginia,Loudoun County,20149,39.04,-77.48,,,,,
Virginia,Loudoun County,20152,38.92,-77.5,,,,"35,538",
Virginia,Loudoun County,20158,39.13,-77.66,,,,"4,886",
Virginia,Loudoun County,20159,39.13,-77.66,,,,,
Virginia,Loudoun County,20160,39.11,-77.69,,,,,
Virginia,Loudoun County,20163,39,-77.4,,,,,
Virginia,Loudoun County,20164,39,-77.4,,,,"42,310",
Virginia,Loudoun County,20165,39.06,-77.39,,,,"34,222",
Virginia,Loudoun County,20166,38.99,-77.46,,,,"13,479",
Virginia,Loudoun County,20167,39,-77.4,,,,,
Virginia,Loudoun County,20175,39.1,-77.55,,,,"33,189",
Virginia,Loudoun County,20176,39.18,-77.54,,,,"50,640",
Virginia,Loudoun County,20177,39.1,-77.55,,,,,
Virginia,Loudoun County,20178,39.1,-77.55,,,,,
Virginia,Loudoun County,20189,38.96,-77.45,,,,,
Virginia,Loudoun County,20197,39.2,-77.63,,,,"2,359",
Virginia,Loudoun County,20199,39,-77.45,,,,,
Virginia,Loudoun County,22093,39.04,-77.48,,,,,
Virginia,Louisa County,23024,37.96,-77.73,,,,"9,793",
Virginia,Louisa County,23093,38.01,-77.99,,,,"14,143",
Virginia,Louisa County,23117,38,-77.9,,,,"10,895",
Virginia,Louisa County,23170,38.05,-78.07,,,,,
Virginia,Lunenburg County,23941,36.91,-78.48,,,,,
Virginia,Lunenburg County,23952,36.96,-78.26,,,,284,
Virginia,Lunenburg County,23974,36.99,-78.22,,,,"4,859",
Virginia,Lynchburg city,24501,37.4,-79.19,,,,"26,778",
Virginia,Lynchburg city,24502,37.36,-79.22,,,,"41,134",
Virginia,Lynchburg city,24504,37.37,-79.05,,,,"9,498",
Virginia,Lynchburg city,24505,37.4,-79.19,,,,,
Virginia,Lynchburg city,24506,37.4,-79.19,,,,,
Virginia,Lynchburg city,24512,37.45,-79.25,,,,,
Virginia,Lynchburg city,24513,37.4,-79.19,,,,,
Virginia,Lynchburg city,24514,37.4,-79.19,,,,,
Virginia,Lynchburg city,24515,37.4,-79.19,,,,"5,811",
Virginia,Madison County,22709,38.32,-78.24,,,,"1,221",
Virginia,Madison County,22711,38.47,-78.27,,,,65,
Virginia,Madison County,22715,38.41,-78.16,,,,"1,976",
Virginia,Madison County,22719,38.52,-78.26,,,,137,
Virginia,Madison County,22721,38.39,-78.28,,,,,
Virginia,Madison County,22722,38.47,-78.23,,,,434,
Virginia,Madison County,22723,38.35,-78.38,,,,48,
Virginia,Madison County,22725,38.45,-78.15,,,,28,
Virginia,Madison County,22727,38.37,-78.25,,,,"5,834",
Virginia,Madison County,22730,38.36,-78.16,,,,215,
Virginia,Madison County,22731,38.34,-78.26,,,,372,
Virginia,Madison County,22738,38.29,-78.27,,,,"1,106",
Virginia,Madison County,22743,38.48,-78.32,,,,333,
Virginia,Madison County,22748,38.35,-78.34,,,,,
Virginia,Madison County,22948,38.36,-78.13,,,,41,
Virginia,Madison County,22989,38.29,-78.13,,,,90,
Virginia,Manassas city,20108,38.74,-77.48,,,,,
Virginia,Manassas city,20113,38.74,-77.48,,,,,
Virginia,Martinsville city,24114,36.68,-79.86,,,,,
Virginia,Martinsville city,24115,36.68,-79.86,,,,,
Virginia,Mathews County,23025,37.42,-76.37,,,,792,
Virginia,Mathews County,23035,37.5,-76.39,,,,"1,560",
Virginia,Mathews County,23045,37.43,-76.27,,,,59,
Virginia,Mathews County,23050,37.5,-76.44,,,,449,
Virginia,Mathews County,23056,37.45,-76.38,,,,148,
Virginia,Mathews County,23064,37.5,-76.3,,,,315,
Virginia,Mathews County,23066,37.5,-76.28,,,,639,
Virginia,Mathews County,23068,37.5,-76.33,,,,199,
Virginia,Mathews County,23076,37.47,-76.32,,,,569,
Virginia,Mathews County,23109,37.43,-76.32,,,,"2,783",
Virginia,Mathews County,23119,37.45,-76.28,,,,137,
Virginia,Mathews County,23125,37.34,-76.28,,,,329,
Virginia,Mathews County,23128,37.44,-76.43,,,,331,
Virginia,Mathews County,23130,37.39,-76.27,,,,64,
Virginia,Mathews County,23138,37.38,-76.31,,,,853,
Virginia,Mathews County,23163,37.36,-76.31,,,,28,
Virginia,Mecklenburg County,23915,36.68,-78.27,,,,"1,695",
Virginia,Mecklenburg County,23917,36.66,-78.38,,,,"2,762",
Virginia,Mecklenburg County,23919,36.59,-78.14,,,,"2,337",
Virginia,Mecklenburg County,23927,36.62,-78.56,,,,"4,489",
Virginia,Mecklenburg County,23950,36.69,-78.09,,,,"3,633",
Virginia,Mecklenburg County,23968,36.73,-78.53,,,,681,
Virginia,Mecklenburg County,23970,36.72,-78.12,,,,"7,869",
Virginia,Mecklenburg County,24529,36.6,-78.63,,,,"1,334",
Virginia,Mecklenburg County,24580,36.55,-78.67,,,,560,
Virginia,Middlesex County,23032,37.67,-76.68,,,,165,
Virginia,Middlesex County,23043,37.55,-76.32,,,,"1,620",
Virginia,Middlesex County,23070,37.55,-76.38,,,,606,
Virginia,Middlesex County,23071,37.55,-76.44,,,,"1,945",
Virginia,Middlesex County,23079,37.71,-76.69,,,,476,
Virginia,Middlesex County,23092,37.59,-76.5,,,,819,
Virginia,Middlesex County,23149,37.6,-76.59,,,,"2,573",
Virginia,Middlesex County,23169,37.59,-76.46,,,,995,
Virginia,Middlesex County,23175,37.65,-76.63,,,,"1,637",
Virginia,Middlesex County,23176,37.56,-76.42,,,,399,
Virginia,Middlesex County,23180,37.72,-76.61,,,,656,
Virginia,Montgomery County,24061,37.23,-80.42,,,,"9,269",
Virginia,Montgomery County,24062,37.23,-80.42,,,,,
Virginia,Montgomery County,24063,37.23,-80.42,,,,,
Virginia,Montgomery County,24068,37.14,-80.4,,,,,
Virginia,Montgomery County,24073,37.14,-80.4,,,,"29,595",
Virginia,Montgomery County,24087,37.21,-80.23,,,,"4,041",
Virginia,Montgomery County,24138,37.05,-80.36,,,,"1,514",
Virginia,Montgomery County,24149,37.02,-80.43,,,,"3,641",
Virginia,Montgomery County,24162,37.13,-80.25,,,,"2,136",
Virginia,Nelson County,22920,38.03,-78.83,,,,"3,548",
Virginia,Nelson County,22938,37.85,-78.75,,,,675,
Virginia,Nelson County,22949,37.77,-78.88,,,,"1,141",
Virginia,Nelson County,22958,37.9,-78.9,,,,"2,021",
Virginia,Nelson County,22964,37.71,-79.02,,,,387,
Virginia,Nelson County,22967,37.8,-79.01,,,,"2,696",
Virginia,Nelson County,22969,37.79,-78.69,,,,"1,938",
Virginia,Nelson County,22971,37.72,-78.83,,,,"2,474",
Virginia,Nelson County,22976,37.81,-79.06,,,,89,
Virginia,Nelson County,24464,37.86,-79.13,,,,262,
Virginia,Nelson County,24553,37.54,-78.84,,,,"1,663",
Virginia,Nelson County,24581,37.66,-78.81,,,,0,
Virginia,New Kent County,23089,37.42,-76.9,,,,"5,354",
Virginia,New Kent County,23124,37.51,-76.97,,,,"4,948",
Virginia,New Kent County,23140,37.44,-77.04,,,,"6,606",
Virginia,New Kent County,23141,37.53,-77.11,,,,"7,672",
Virginia,Newport News city,23602,37.11,-76.52,,,,"43,127",
Virginia,Newport News city,23603,37.19,-76.56,,,,"3,555",
Virginia,Newport News city,23604,37.12,-76.59,,,,"5,029",
Virginia,Newport News city,23605,37.02,-76.44,,,,"13,359",
Virginia,Newport News city,23606,37.07,-76.51,,,,"29,807",
Virginia,Newport News city,23607,36.97,-76.42,,,,"23,892",
Virginia,Newport News city,23608,37.15,-76.54,,,,"42,684",
Virginia,Newport News city,23609,37.07,-76.51,,,,,
Virginia,Newport News city,23612,37.07,-76.51,,,,,
Virginia,Newport News city,23628,37.07,-76.51,,,,,
Virginia,Norfolk city,23502,36.86,-76.2,,,,"19,994",
Virginia,Norfolk city,23503,36.95,-76.27,,,,"30,991",
Virginia,Norfolk city,23504,36.86,-76.27,,,,"24,202",
Virginia,Norfolk city,23505,36.91,-76.29,,,,"28,619",
Virginia,Norfolk city,23506,36.84,-76.28,,,,,
Virginia,Norfolk city,23507,36.86,-76.3,,,,"6,588",
Virginia,Norfolk city,23508,36.88,-76.31,,,,"20,647",
Virginia,Norfolk city,23509,36.88,-76.26,,,,"12,903",
Virginia,Norfolk city,23510,36.85,-76.29,,,,"9,294",
Virginia,Norfolk city,23511,36.91,-76.33,,,,"11,067",
Virginia,Norfolk city,23512,36.84,-76.28,,,,,
Virginia,Norfolk city,23513,36.89,-76.24,,,,"30,168",
Virginia,Norfolk city,23514,36.84,-76.28,,,,,
Virginia,Norfolk city,23515,36.84,-76.28,,,,,
Virginia,Norfolk city,23517,36.87,-76.29,,,,"4,212",
Virginia,Norfolk city,23518,36.92,-76.22,,,,"29,337",
Virginia,Norfolk city,23519,36.84,-76.28,,,,,
Virginia,Norfolk city,23520,36.84,-76.28,,,,,
Virginia,Norfolk city,23523,36.84,-76.28,,,,"7,352",
Virginia,Norfolk city,23529,36.84,-76.28,,,,,
Virginia,Norfolk city,23541,36.84,-76.28,,,,,
Virginia,Norfolk city,23551,36.92,-76.29,,,,"1,599",
Virginia,Northampton County,23310,37.27,-76.01,,,,"4,984",
Virginia,Northampton County,23313,37.2,-75.95,,,,72,
Virginia,Northampton County,23316,37.28,-75.96,,,,75,
Virginia,Northampton County,23347,37.35,-75.94,,,,640,
Virginia,Northampton County,23350,37.53,-75.82,,,,"3,144",
Virginia,Northampton County,23354,37.46,-75.91,,,,379,
Virginia,Northampton County,23398,37.52,-75.94,,,,21,
Virginia,Northampton County,23405,37.4,-75.9,,,,"1,226",
Virginia,Northampton County,23408,37.45,-75.84,,,,8,
Virginia,Northampton County,23413,37.47,-75.86,,,,971,
Virginia,Northampton County,23419,37.28,-75.92,,,,,
Virginia,Northampton County,23429,37.27,-75.95,,,,,
Virginia,Northampton County,23443,37.18,-75.95,,,,,
Virginia,Northampton County,23482,37.5,-75.87,,,,,
Virginia,Northampton County,23486,37.51,-75.81,,,,90,
Virginia,Northumberland County,22435,37.96,-76.55,,,,"2,638",
Virginia,Northumberland County,22456,37.9,-76.36,,,,,
Virginia,Northumberland County,22473,37.91,-76.47,,,,"5,490",
Virginia,Northumberland County,22511,37.96,-76.51,,,,967,
Virginia,Northumberland County,22530,37.9,-76.29,,,,219,
Virginia,Northumberland County,22539,37.86,-76.29,,,,"1,857",
Virginia,Northumberland County,22579,37.8,-76.31,,,,69,
Virginia,Nottoway County,23825,37.08,-77.99,,,,,
Virginia,Nottoway County,23922,37.18,-78.2,,,,"4,267",
Virginia,Nottoway County,23930,37.18,-78.13,,,,"5,505",
Virginia,Nottoway County,23955,37.13,-78.07,,,,12,
Virginia,Orange County,22433,38.37,-77.86,,,,241,
Virginia,Orange County,22542,38.28,-77.9,,,,"1,928",
Virginia,Orange County,22567,38.25,-77.96,,,,"3,122",
Virginia,Orange County,22957,38.19,-78.11,,,,0,
Virginia,Orange County,22960,38.24,-78.11,,,,"10,397",
Virginia,Orange County,22972,38.22,-78.23,,,,199,
Virginia,Page County,22650,38.76,-78.38,,,,860,
Virginia,Page County,22849,38.48,-78.62,,,,"5,222",
Virginia,Page County,22851,38.57,-78.5,,,,"5,836",
Virginia,Patrick County,24053,36.6,-80.51,,,,"2,092",
Virginia,Patrick County,24076,36.59,-80.42,,,,"1,310",
Virginia,Patrick County,24082,36.62,-80.11,,,,652,
Virginia,Patrick County,24120,36.73,-80.41,,,,"1,866",
Virginia,Patrick County,24171,36.64,-80.27,,,,"8,195",
Virginia,Patrick County,24177,36.72,-80.39,,,,,
Virginia,Patrick County,24185,36.78,-80.28,,,,678,
Virginia,Petersburg city,23804,37.2,-77.39,,,,,
Virginia,Petersburg city,23805,37.2,-77.39,,,,"21,427",
Virginia,Pittsylvania County,24069,36.56,-79.66,,,,"1,511",
Virginia,Pittsylvania County,24139,36.98,-79.46,,,,642,
Virginia,Pittsylvania County,24161,37,-79.55,,,,365,
Virginia,Pittsylvania County,24527,36.68,-79.38,,,,"2,948",
Virginia,Pittsylvania County,24530,36.81,-79.62,,,,774,
Virginia,Pittsylvania County,24531,36.81,-79.39,,,,"9,182",
Virginia,Pittsylvania County,24549,36.75,-79.41,,,,"4,337",
Virginia,Pittsylvania County,24557,36.95,-79.36,,,,"7,667",
Virginia,Pittsylvania County,24565,36.83,-79.23,,,,"1,005",
Virginia,Pittsylvania County,24566,36.71,-79.3,,,,"1,475",
Virginia,Pittsylvania County,24569,37.08,-79.1,,,,862,
Virginia,Pittsylvania County,24586,36.6,-79.3,,,,"4,519",
Virginia,Pittsylvania County,24594,36.62,-79.18,,,,"1,945",
Virginia,Portsmouth city,23702,36.8,-76.33,,,,"12,107",
Virginia,Portsmouth city,23703,36.89,-76.37,,,,"27,121",
Virginia,Portsmouth city,23704,36.82,-76.31,,,,"18,125",
Virginia,Portsmouth city,23705,36.83,-76.29,,,,,
Virginia,Portsmouth city,23707,36.84,-76.34,,,,"14,254",
Virginia,Portsmouth city,23708,36.85,-76.31,,,,359,
Virginia,Portsmouth city,23709,36.81,-76.31,,,,568,
Virginia,Powhatan County,23101,37.52,-77.96,,,,,
Virginia,Powhatan County,23139,37.54,-77.92,,,,"26,719",
Virginia,Powhatan County,23160,37.63,-77.85,,,,"1,517",
Virginia,Prince Edward County,23909,37.3,-78.4,,,,"1,239",
Virginia,Prince Edward County,23942,37.13,-78.3,,,,"1,137",
Virginia,Prince Edward County,23943,37.25,-78.45,,,,"1,052",
Virginia,Prince Edward County,23954,37.09,-78.36,,,,"2,462",
Virginia,Prince Edward County,23960,37.3,-78.55,,,,"1,788",
Virginia,Prince Edward County,23966,37.27,-78.29,,,,"1,955",
Virginia,Prince George County,23830,37.03,-77.4,,,,"1,874",
Virginia,Prince George County,23842,37.12,-77.22,,,,"6,956",
Virginia,Prince George County,23875,37.22,-77.28,,,,"13,375",
Virginia,Prince William County,20109,38.79,-77.53,,,,"44,781",
Virginia,Prince William County,20112,38.66,-77.43,,,,"28,856",
Virginia,Prince William County,20136,38.74,-77.55,,,,"31,733",
Virginia,Prince William County,20143,38.84,-77.56,,,,534,
Virginia,Prince William County,20155,38.79,-77.61,,,,"37,106",
Virginia,Prince William County,20156,38.79,-77.61,,,,,
Virginia,Prince William County,20168,38.81,-77.63,,,,,
Virginia,Prince William County,20169,38.88,-77.65,,,,"28,346",
Virginia,Prince William County,20181,38.69,-77.58,,,,"10,258",
Virginia,Prince William County,20182,38.69,-77.58,,,,,
Virginia,Prince William County,22025,38.6,-77.34,,,,"19,280",
Virginia,Prince William County,22026,38.56,-77.3,,,,"19,938",
Virginia,Prince William County,22125,38.68,-77.26,,,,874,
Virginia,Prince William County,22134,38.52,-77.29,,,,"7,562",
Virginia,Prince William County,22135,38.52,-77.29,,,,,
Virginia,Prince William County,22172,38.54,-77.31,,,,"11,823",
Virginia,Prince William County,22191,38.63,-77.26,,,,"72,215",
Virginia,Prince William County,22192,38.68,-77.31,,,,"59,238",
Virginia,Prince William County,22193,38.64,-77.35,,,,"83,796",
Virginia,Prince William County,22194,38.63,-77.26,,,,,
Virginia,Prince William County,22195,38.63,-77.26,,,,,
Virginia,Pulaski County,24084,37.1,-80.68,,,,"11,113",
Virginia,Pulaski County,24111,37.23,-80.61,,,,,
Virginia,Pulaski County,24126,37.04,-80.68,,,,,
Virginia,Pulaski County,24129,37.12,-80.57,,,,92,
Virginia,Pulaski County,24132,37.21,-80.63,,,,416,
Virginia,Pulaski County,24301,37.05,-80.76,,,,"13,631",
Virginia,Pulaski County,24324,37,-80.76,,,,"2,274",
Virginia,Pulaski County,24347,36.97,-80.64,,,,"1,249",
Virginia,Radford city,24142,37.14,-80.55,,,,"2,292",
Virginia,Radford city,24143,37.12,-80.55,,,,,
Virginia,Rappahannock County,22623,38.85,-78.13,,,,955,
Virginia,Rappahannock County,22627,38.76,-78.1,,,,775,
Virginia,Rappahannock County,22716,38.6,-78.1,,,,"1,102",
Virginia,Rappahannock County,22740,38.67,-78.25,,,,861,
Virginia,Rappahannock County,22746,38.63,-78.03,,,,660,
Virginia,Rappahannock County,22747,38.71,-78.15,,,,"1,236",
Virginia,Rappahannock County,22749,38.6,-78.17,,,,238,
Virginia,Richmond city,23218,37.55,-77.46,,,,,
Virginia,Richmond city,23219,37.54,-77.44,,,,"4,294",
Virginia,Richmond city,23220,37.55,-77.46,,,,"33,667",
Virginia,Richmond city,23221,37.55,-77.49,,,,"14,831",
Virginia,Richmond city,23222,37.58,-77.42,,,,"28,314",
Virginia,Richmond city,23224,37.5,-77.47,,,,"38,546",
Virginia,Richmond city,23225,37.52,-77.51,,,,"42,249",
Virginia,Richmond city,23226,37.58,-77.52,,,,"15,997",
Virginia,Richmond city,23232,37.55,-77.46,,,,,
Virginia,Richmond city,23240,37.55,-77.46,,,,,
Virginia,Richmond city,23241,37.55,-77.46,,,,,
Virginia,Richmond city,23249,37.55,-77.46,,,,,
Virginia,Richmond city,23260,37.55,-77.46,,,,,
Virginia,Richmond city,23261,37.55,-77.46,,,,,
Virginia,Richmond city,23269,37.55,-77.46,,,,,
Virginia,Richmond city,23274,37.55,-77.46,,,,,
Virginia,Richmond city,23276,37.55,-77.46,,,,,
Virginia,Richmond city,23278,37.55,-77.46,,,,,
Virginia,Richmond city,23279,37.55,-77.46,,,,,
Virginia,Richmond city,23282,37.55,-77.46,,,,,
Virginia,Richmond city,23284,37.55,-77.46,,,,"1,924",
Virginia,Richmond city,23285,37.55,-77.46,,,,,
Virginia,Richmond city,23286,37.55,-77.46,,,,,
Virginia,Richmond city,23289,37.55,-77.46,,,,,
Virginia,Richmond city,23290,37.55,-77.46,,,,,
Virginia,Richmond city,23291,37.55,-77.46,,,,,
Virginia,Richmond city,23292,37.55,-77.46,,,,,
Virginia,Richmond city,23293,37.55,-77.46,,,,,
Virginia,Richmond city,23295,37.55,-77.45,,,,,
Virginia,Richmond city,23297,37.55,-77.46,,,,,
Virginia,Richmond city,23298,37.55,-77.46,,,,271,
Virginia,Richmond County,22472,37.95,-76.66,,,,958,
Virginia,Richmond County,22548,37.82,-76.7,,,,59,
Virginia,Richmond County,22570,37.94,-76.6,,,,,
Virginia,Richmond County,22572,37.96,-76.76,,,,"6,449",
Virginia,Roanoke city,24001,37.27,-79.95,,,,,
Virginia,Roanoke city,24002,37.27,-79.95,,,,,
Virginia,Roanoke city,24003,37.27,-79.95,,,,,
Virginia,Roanoke city,24004,37.27,-79.95,,,,,
Virginia,Roanoke city,24005,37.27,-79.95,,,,,
Virginia,Roanoke city,24006,37.27,-79.95,,,,,
Virginia,Roanoke city,24007,37.27,-79.95,,,,,
Virginia,Roanoke city,24008,37.27,-79.95,,,,,
Virginia,Roanoke city,24009,37.27,-79.95,,,,,
Virginia,Roanoke city,24010,37.27,-79.95,,,,,
Virginia,Roanoke city,24011,37.27,-79.94,,,,723,
Virginia,Roanoke city,24013,37.27,-79.92,,,,"7,925",
Virginia,Roanoke city,24014,37.22,-79.91,,,,"15,630",
Virginia,Roanoke city,24015,37.26,-79.98,,,,"16,074",
Virginia,Roanoke city,24016,37.27,-79.95,,,,"9,605",
Virginia,Roanoke city,24017,37.3,-79.99,,,,"23,756",
Virginia,Roanoke city,24022,37.27,-79.95,,,,0,
Virginia,Roanoke city,24023,37.27,-79.95,,,,,
Virginia,Roanoke city,24024,37.27,-79.95,,,,,
Virginia,Roanoke city,24025,37.27,-79.95,,,,,
Virginia,Roanoke city,24026,37.27,-79.95,,,,,
Virginia,Roanoke city,24027,37.27,-79.95,,,,,
Virginia,Roanoke city,24028,37.27,-79.95,,,,,
Virginia,Roanoke city,24029,37.27,-79.95,,,,,
Virginia,Roanoke city,24030,37.27,-79.95,,,,,
Virginia,Roanoke city,24031,37.27,-79.95,,,,,
Virginia,Roanoke city,24032,37.27,-79.95,,,,,
Virginia,Roanoke city,24033,37.27,-79.95,,,,,
Virginia,Roanoke city,24034,37.27,-79.95,,,,,
Virginia,Roanoke city,24035,37.27,-79.95,,,,,
Virginia,Roanoke city,24036,37.27,-79.95,,,,,
Virginia,Roanoke city,24037,37.27,-79.95,,,,,
Virginia,Roanoke city,24038,37.27,-79.95,,,,,
Virginia,Roanoke city,24040,37.27,-79.95,,,,,
Virginia,Roanoke city,24042,37.27,-79.95,,,,,
Virginia,Roanoke city,24043,37.27,-79.95,,,,,
Virginia,Roanoke city,24044,37.27,-79.94,,,,,
Virginia,Roanoke city,24045,37.27,-79.94,,,,,
Virginia,Roanoke city,24048,37.27,-79.94,,,,,
Virginia,Roanoke city,24050,37.27,-79.95,,,,,
Virginia,Roanoke city,24155,37.29,-80.06,,,,,
Virginia,Roanoke city,24157,37.28,-80.05,,,,,
Virginia,Roanoke County,24018,37.21,-80.04,,,,"38,924",
Virginia,Roanoke County,24020,37.36,-79.94,,,,588,
Virginia,Roanoke County,24059,37.15,-80.11,,,,835,
Virginia,Roanoke County,24070,37.38,-80.11,,,,"1,545",
Virginia,Roanoke County,24179,37.27,-79.88,,,,"18,721",
Virginia,Rockbridge County,24415,37.92,-79.32,,,,35,
Virginia,Rockbridge County,24435,37.88,-79.3,,,,"1,615",
Virginia,Rockbridge County,24439,37.99,-79.5,,,,906,
Virginia,Rockbridge County,24472,37.93,-79.23,,,,"2,068",
Virginia,Rockbridge County,24473,37.9,-79.41,,,,806,
Virginia,Rockbridge County,24483,37.9,-79.2,,,,865,
Virginia,Rockbridge County,24555,37.63,-79.45,,,,"2,306",
Virginia,Rockbridge County,24578,37.63,-79.55,,,,673,
Virginia,Rockbridge County,24579,37.58,-79.5,,,,"1,111",
Virginia,Rockingham County,22811,38.79,-78.96,,,,436,
Virginia,Rockingham County,22812,38.38,-78.96,,,,"10,078",
Virginia,Rockingham County,22820,38.75,-79,,,,257,
Virginia,Rockingham County,22821,38.47,-79.08,,,,"5,666",
Virginia,Rockingham County,22827,38.41,-78.61,,,,"10,801",
Virginia,Rockingham County,22830,38.63,-78.98,,,,"2,135",
Virginia,Rockingham County,22831,38.48,-79,,,,650,
Virginia,Rockingham County,22832,38.45,-78.76,,,,"1,097",
Virginia,Rockingham County,22833,38.54,-78.73,,,,,
Virginia,Rockingham County,22834,38.56,-78.86,,,,"1,349",
Virginia,Rockingham County,22840,38.36,-78.74,,,,"4,882",
Virginia,Rockingham County,22841,38.35,-78.94,,,,"3,130",
Virginia,Rockingham County,22846,38.36,-78.79,,,,"1,853",
Virginia,Rockingham County,22848,38.36,-78.87,,,,,
Virginia,Rockingham County,22850,38.56,-78.92,,,,"1,299",
Virginia,Rockingham County,22853,38.63,-78.77,,,,"5,022",
Virginia,Rockingham County,24441,38.26,-78.82,,,,"6,358",
Virginia,Rockingham County,24471,38.32,-78.81,,,,"1,490",
Virginia,Russell County,24225,36.94,-82.15,,,,"1,818",
Virginia,Russell County,24260,37.01,-81.97,,,,"5,073",
Virginia,Russell County,24266,36.89,-82.07,,,,"8,805",
Virginia,Russell County,24280,36.95,-81.93,,,,850,
Virginia,Russell County,24649,37.08,-81.91,,,,"1,706",
Virginia,Scott County,24244,36.71,-82.79,,,,"5,765",
Virginia,Scott County,24245,36.82,-82.46,,,,836,
Virginia,Scott County,24250,36.77,-82.58,,,,"1,049",
Virginia,Scott County,24258,36.65,-82.46,,,,"1,351",
Virginia,Scott County,24271,36.75,-82.41,,,,"2,484",
Virginia,Scott County,24290,36.62,-82.56,,,,"2,357",
Virginia,Shenandoah County,22626,38.97,-78.4,,,,,
Virginia,Shenandoah County,22641,39.09,-78.37,,,,222,
Virginia,Shenandoah County,22652,38.84,-78.42,,,,"1,553",
Virginia,Shenandoah County,22657,38.98,-78.35,,,,"11,420",
Virginia,Shenandoah County,22660,38.94,-78.43,,,,"1,685",
Virginia,Shenandoah County,22664,38.87,-78.51,,,,"9,650",
Virginia,Shenandoah County,22810,38.83,-78.8,,,,569,
Virginia,Shenandoah County,22824,38.82,-78.56,,,,"6,352",
Virginia,Shenandoah County,22842,38.74,-78.63,,,,"5,647",
Virginia,Shenandoah County,22844,38.64,-78.67,,,,"4,711",
Virginia,Shenandoah County,22845,38.79,-78.82,,,,57,
Virginia,Shenandoah County,22847,38.73,-78.72,,,,555,
Virginia,Smyth County,24311,36.86,-81.39,,,,"1,467",
Virginia,Smyth County,24319,36.8,-81.68,,,,"6,582",
Virginia,Smyth County,24354,36.83,-81.51,,,,"13,918",
Virginia,Smyth County,24375,36.76,-81.4,,,,"1,666",
Virginia,Southampton County,23827,36.57,-77.19,,,,"1,166",
Virginia,Southampton County,23828,36.56,-77.24,,,,658,
Virginia,Southampton County,23829,36.71,-77.2,,,,"2,555",
Virginia,Southampton County,23844,36.71,-77.3,,,,549,
Virginia,Southampton County,23866,36.9,-76.89,,,,"1,825",
Virginia,Southampton County,23874,36.62,-77.12,,,,720,
Virginia,Southampton County,23878,36.77,-76.98,,,,"1,569",
Virginia,Spotsylvania County,22408,38.22,-77.44,,,,"31,130",
Virginia,Spotsylvania County,22534,38.08,-77.67,,,,"3,452",
Virginia,Spotsylvania County,22551,38.17,-77.7,,,,"22,035",
Virginia,Spotsylvania County,22553,38.27,-77.65,,,,"16,746",
Virginia,Spotsylvania County,22565,38.13,-77.52,,,,,
Virginia,Stafford County,22406,38.4,-77.54,,,,"26,702",
Virginia,Stafford County,22430,38.37,-77.34,,,,,
Virginia,Stafford County,22463,38.48,-77.42,,,,,
Virginia,Stafford County,22471,38.39,-77.61,,,,,
Virginia,Stafford County,22545,38.5,-77.51,,,,,
Virginia,Stafford County,22554,38.42,-77.4,,,,"62,257",
Virginia,Stafford County,22555,38.42,-77.4,,,,,
Virginia,Stafford County,22556,38.47,-77.51,,,,"31,200",
Virginia,Staunton city,24402,38.15,-79.06,,,,,
Virginia,Suffolk city,23433,36.92,-76.46,,,,"1,274",
Virginia,Suffolk city,23434,36.7,-76.63,,,,"51,108",
Virginia,Suffolk city,23435,36.84,-76.48,,,,"33,614",
Virginia,Suffolk city,23436,36.89,-76.51,,,,"1,021",
Virginia,Suffolk city,23437,36.63,-76.8,,,,"4,647",
Virginia,Suffolk city,23438,36.58,-76.7,,,,"1,685",
Virginia,Suffolk city,23439,36.7,-76.63,,,,,
Virginia,Surry County,23846,37.07,-76.88,,,,522,
Virginia,Surry County,23881,37.16,-76.97,,,,"2,315",
Virginia,Surry County,23883,37.13,-76.83,,,,"1,902",
Virginia,Surry County,23899,37.22,-76.96,,,,421,
Virginia,Sussex County,23882,36.94,-77.4,,,,"1,593",
Virginia,Sussex County,23884,36.92,-77.28,,,,15,
Virginia,Sussex County,23888,36.96,-76.98,,,,"2,485",
Virginia,Sussex County,23890,37.03,-77.09,,,,"4,823",
Virginia,Sussex County,23891,37.05,-77.21,,,,"1,311",
Virginia,Sussex County,23897,36.84,-77.28,,,,804,
Virginia,Tazewell County,24316,36.96,-81.67,,,,45,
Virginia,Tazewell County,24377,36.97,-81.64,,,,514,
Virginia,Tazewell County,24601,37.19,-81.65,,,,0,
Virginia,Tazewell County,24602,37.14,-81.7,,,,935,
Virginia,Tazewell County,24604,37.21,-81.53,,,,247,
Virginia,Tazewell County,24606,37.28,-81.39,,,,186,
Virginia,Tazewell County,24608,37.1,-81.35,,,,,
Virginia,Tazewell County,24609,37.01,-81.81,,,,"6,613",
Virginia,Tazewell County,24612,37.09,-81.84,,,,224,
Virginia,Tazewell County,24613,37.26,-81.33,,,,564,
Virginia,Tazewell County,24630,37.16,-81.5,,,,"6,142",
Virginia,Tazewell County,24635,37.3,-81.34,,,,765,
Virginia,Tazewell County,24637,37.04,-81.73,,,,"3,616",
Virginia,Tazewell County,24639,37.16,-81.9,,,,"3,788",
Virginia,Tazewell County,24640,37.12,-81.87,,,,,
Virginia,Tazewell County,24641,37.09,-81.8,,,,"5,456",
Virginia,Tazewell County,24651,37.12,-81.51,,,,"5,872",
Virginia,Unknown,22350,38.81,-77.08,,,,,
Virginia,Unknown,23090,37.34,-76.75,,,,,
Virginia,Unknown,23147,37.36,-77.04,,,,0,
Virginia,Unknown,24619,37.23,-81.49,,,,,
Virginia,Virginia Beach city,23451,36.87,-76.01,,,,"43,641",
Virginia,Virginia Beach city,23452,36.85,-76.09,,,,"57,180",
Virginia,Virginia Beach city,23453,36.78,-76.08,,,,"35,117",
Virginia,Virginia Beach city,23454,36.82,-76.03,,,,"58,022",
Virginia,Virginia Beach city,23455,36.89,-76.15,,,,"50,665",
Virginia,Virginia Beach city,23456,36.73,-76.04,,,,"60,182",
Virginia,Virginia Beach city,23457,36.61,-76.02,,,,"4,746",
Virginia,Virginia Beach city,23458,36.73,-76.04,,,,,
Virginia,Virginia Beach city,23459,36.92,-76.02,,,,"1,403",
Virginia,Virginia Beach city,23460,36.81,-76.03,,,,"1,474",
Virginia,Virginia Beach city,23461,36.78,-75.96,,,,840,
Virginia,Virginia Beach city,23462,36.84,-76.15,,,,"68,499",
Virginia,Virginia Beach city,23463,36.73,-76.04,,,,,
Virginia,Virginia Beach city,23464,36.8,-76.19,,,,"76,131",
Virginia,Virginia Beach city,23465,36.73,-76.04,,,,,
Virginia,Virginia Beach city,23466,36.73,-76.04,,,,,
Virginia,Virginia Beach city,23467,36.73,-76.04,,,,,
Virginia,Virginia Beach city,23471,36.73,-76.04,,,,,
Virginia,Virginia Beach city,23479,36.73,-76.04,,,,,
Virginia,Virginia Beach city,23521,36.84,-76.28,,,,,
Virginia,Warren County,22610,38.83,-78.31,,,,"1,625",
Virginia,Washington County,24210,36.77,-82.03,,,,"17,243",
Virginia,Washington County,24211,36.7,-81.96,,,,"10,016",
Virginia,Washington County,24212,36.7,-81.96,,,,,
Virginia,Washington County,24236,36.63,-81.78,,,,"3,157",
Virginia,Washington County,24270,36.72,-82.25,,,,369,
Virginia,Washington County,24327,36.75,-81.83,,,,594,
Virginia,Washington County,24340,36.79,-81.77,,,,"6,173",
Virginia,Washington County,24361,36.76,-81.85,,,,"4,746",
Virginia,Westmoreland County,22442,38.14,-76.63,,,,,
Virginia,Westmoreland County,22469,38.07,-76.65,,,,"2,052",
Virginia,Westmoreland County,22488,38.05,-76.59,,,,609,
Virginia,Westmoreland County,22520,38.09,-76.82,,,,"4,673",
Virginia,Westmoreland County,22524,38.09,-76.71,,,,,
Virginia,Westmoreland County,22529,38,-76.68,,,,206,
Virginia,Westmoreland County,22558,38.12,-76.81,,,,,
Virginia,Westmoreland County,22577,38.06,-76.55,,,,,
Virginia,Westmoreland County,22581,38.11,-76.8,,,,,
Virginia,Williamsburg city,23187,37.27,-76.72,,,,261,
Virginia,Winchester city,22604,39.17,-78.17,,,,,
Virginia,Wise County,24215,36.94,-82.78,,,,,
Virginia,Wise County,24219,36.86,-82.77,,,,"10,460",
Virginia,Wise County,24230,36.94,-82.46,,,,"6,935",
Virginia,Wise County,24246,36.87,-82.75,,,,274,
Virginia,Wise County,24279,37.12,-82.6,,,,"4,747",
Virginia,Wise County,24283,36.9,-82.31,,,,"1,909",
Virginia,Wise County,24293,36.97,-82.58,,,,"9,749",
Virginia,Wythe County,24313,36.91,-80.8,,,,524,
Virginia,Wythe County,24322,36.81,-81.1,,,,10,
Virginia,Wythe County,24323,36.88,-81.18,,,,"1,078",
Virginia,Wythe County,24350,36.83,-80.95,,,,"1,428",
Virginia,Wythe County,24368,36.89,-81.27,,,,"5,079",
Virginia,Wythe County,24374,36.81,-81.16,,,,556,
Virginia,Wythe County,24382,36.95,-81.08,,,,"14,657",
Virginia,York County,23690,37.23,-76.5,,,,"4,770",
Virginia,York County,23691,37.26,-76.55,,,,405,
Virginia,York County,23692,37.19,-76.46,,,,"18,986",
Virginia,York County,23693,37.12,-76.45,,,,"23,563",
Virginia,York County,23694,37.23,-76.54,,,,,
Virginia,York County,23696,37.19,-76.43,,,,"4,199",
